{
  "vocab_size": 521,
  "embed_dim": 128,
  "hidden_dim": 64,
  "num_layers": 2,
  "num_classes": 3,
  "dropout": 0.3,
  "max_length": 64,
  "saved_epoch": 13,
  "metrics": {
    "accuracy": 0.625,
    "f1_macro": 0.5676767676767677,
    "f1_per_class": {
      "negative": 0.6363636363636364,
      "neutral": 0.4,
      "positive": 0.6666666666666666
    },
    "confusion_matrix": [
      [
        7,
        0,
        1
      ],
      [
        2,
        1,
        1
      ],
      [
        5,
        0,
        7
      ]
    ],
    "per_language": {
      "sw": {
        "accuracy": 0.75,
        "f1_macro": 0.8055555555555555,
        "count": 8
      },
      "sh": {
        "accuracy": 0.625,
        "f1_macro": 0.47222222222222215,
        "count": 8
      },
      "en": {
        "accuracy": 0.5,
        "f1_macro": 0.35714285714285715,
        "count": 8
      }
    }
  },
  "saved_at": "2026-02-25T16:18:52.175124"
}